SectionID,BlockGroup,CourseSession,Date,SchoolDay,DayType,UnitID,UnitNumber,UnitTitle,LessonID,SortOrder,Type,LessonTitle,PlannedDays
"M8-P1","Odd","1","2026-08-06","1","Full Day","AMP-M8-U1","1","Rigid Transformations and Congruence","AMP-M8-U1-I05","5","Lesson","Spinning, Flipping, Sliding","1"
"M8-P1","Odd","2","2026-08-07","2","Full Day","AMP-M8-U1","1","Rigid Transformations and Congruence","AMP-M8-U1-I06","6","Lesson","Transformation Targets","1"
"M8-P1","Odd","3","2026-08-10","3","Block Day - Odd Periods","AMP-M8-U1","1","Rigid Transformations and Congruence","AMP-M8-U1-I07","7","Lesson","Moving Day","1"
"M8-P1","Odd","4","2026-08-12","5","Short Day","AMP-M8-U1","1","Rigid Transformations and Congruence","AMP-M8-U1-I08","8","Lesson","Getting Coordinated, Part 1","1"
"M8-P1","Odd","5","2026-08-13","6","Full Day","AMP-M8-U1","1","Rigid Transformations and Congruence","AMP-M8-U1-I09","9","Lesson","Getting Coordinated, Part 2","1"
"M8-P1","Odd","6","2026-08-14","7","Full Day","AMP-M8-U1","1","Rigid Transformations and Congruence","AMP-M8-U1-I10","10","Practice Day","8.1 Practice Day 1","1"
"M8-P1","Odd","7","2026-08-17","8","Block Day - Odd Periods","AMP-M8-U1","1","Rigid Transformations and Congruence","AMP-M8-U1-I11","11","Sub-Unit Quiz","8.1 Sub-Unit Quiz","1"
"M8-P1","Odd","8","2026-08-19","10","Short Day","AMP-M8-U1","1","Rigid Transformations and Congruence","AMP-M8-U1-I12","12","Lesson","No Bending, No Stretching","1"
"M8-P1","Odd","9","2026-08-20","11","Full Day","AMP-M8-U1","1","Rigid Transformations and Congruence","AMP-M8-U1-I13","13","Lesson","Are They the Same?","1"
"M8-P1","Odd","10","2026-08-21","12","Full Day","AMP-M8-U1","1","Rigid Transformations and Congruence","AMP-M8-U1-I14","14","Lesson","Are They Congruent?","1"
"M8-P1","Odd","11","2026-08-24","13","Block Day - Odd Periods","AMP-M8-U1","1","Rigid Transformations and Congruence","AMP-M8-U1-I15","15","Lesson","Transforming Angles","1"
"M8-P1","Odd","12","2026-08-26","15","Short Day","AMP-M8-U1","1","Rigid Transformations and Congruence","AMP-M8-U1-I16","16","Lesson","Tearing It Up","1"
"M8-P1","Odd","13","2026-08-27","16","Full Day","AMP-M8-U1","1","Rigid Transformations and Congruence","AMP-M8-U1-I17","17","Lesson","Puzzling It Out","1"
"M8-P1","Odd","14","2026-08-28","17","Full Day","AMP-M8-U1","1","Rigid Transformations and Congruence","AMP-M8-U1-I18","18","Lesson","Tessellate","1"
"M8-P1","Odd","15","2026-08-31","18","Block Day - Odd Periods","AMP-M8-U1","1","Rigid Transformations and Congruence","AMP-M8-U1-I19","19","Practice Day","8.1 Practice Day 2","1"
"M8-P1","Odd","16","2026-09-02","20","Short Day","AMP-M8-U1","1","Rigid Transformations and Congruence","AMP-M8-U1-I20","20","Performance Task","8.1 Performance Task","1"
"M8-P1","Odd","17","2026-09-03","21","Full Day","AMP-M8-U1","1","Rigid Transformations and Congruence","AMP-M8-U1-I21","21","Unit Synthesis and Reflection","Unit Synthesis and Reflection","1"
"M8-P1","Odd","18","2026-09-04","22","Full Day","AMP-M8-U2","2","Dilations, Similarity, and Slope","AMP-M8-U2-I03","3","Lesson","Sketchy Dilations","1"
"M8-P1","Odd","19","2026-09-09","24","Short Day","AMP-M8-U2","2","Dilations, Similarity, and Slope","AMP-M8-U2-I04","4","Lesson","Dilation Mini Golf","1"
"M8-P1","Odd","20","2026-09-10","25","Full Day","AMP-M8-U2","2","Dilations, Similarity, and Slope","AMP-M8-U2-I05","5","Lesson","Transformation Targets With Dilations","1"
"M8-P1","Odd","21","2026-09-11","26","Full Day","AMP-M8-U2","2","Dilations, Similarity, and Slope","AMP-M8-U2-I06","6","Lesson","Match My Dilation","1"
"M8-P1","Odd","22","2026-09-14","27","Block Day - Odd Periods","AMP-M8-U2","2","Dilations, Similarity, and Slope","AMP-M8-U2-I07","7","Lesson","Dilations on a Plane","1"
"M8-P1","Odd","23","2026-09-16","29","Short Day","AMP-M8-U2","2","Dilations, Similarity, and Slope","AMP-M8-U2-I08","8","Practice Day","8.2 Practice Day 1","1"
"M8-P1","Odd","24","2026-09-17","30","Full Day","AMP-M8-U2","2","Dilations, Similarity, and Slope","AMP-M8-U2-I09","9","Sub-Unit Quiz","8.2 Sub-Unit Quiz","1"
"M8-P1","Odd","25","2026-09-18","31","Full Day","AMP-M8-U2","2","Dilations, Similarity, and Slope","AMP-M8-U2-I10","10","Lesson","Social Scavenger Hunt","1"
"M8-P1","Odd","26","2026-09-21","32","Block Day - Odd Periods","AMP-M8-U2","2","Dilations, Similarity, and Slope","AMP-M8-U2-I11","11","Lesson","Are Angles Enough?","1"
"M8-P1","Odd","27","2026-09-23","34","Short Day","AMP-M8-U2","2","Dilations, Similarity, and Slope","AMP-M8-U2-I12","12","Lesson","Shadows","1"
"M8-P1","Odd","28","2026-09-24","35","Full Day","AMP-M8-U2","2","Dilations, Similarity, and Slope","AMP-M8-U2-I13","13","Lesson","Water Slide","1"
"M8-P1","Odd","29","2026-09-25","36","Full Day","AMP-M8-U2","2","Dilations, Similarity, and Slope","AMP-M8-U2-I14","14","Lesson","Slope Challenges","1"
"M8-P1","Odd","30","2026-09-28","37","Block Day - Odd Periods","AMP-M8-U2","2","Dilations, Similarity, and Slope","AMP-M8-U2-I15","15","Practice Day","8.2 Practice Day 2","1"
"M8-P1","Odd","31","2026-09-30","39","Short Day","AMP-M8-U2","2","Dilations, Similarity, and Slope","AMP-M8-U2-I16","16","Performance Task","8.2 Performance Task","1"
"M8-P1","Odd","32","2026-10-01","40","Full Day","AMP-M8-U2","2","Dilations, Similarity, and Slope","AMP-M8-U2-I17","17","Unit Synthesis and Reflection","Unit Synthesis and Reflection","1"
"M8-P1","Odd","33","2026-10-02","41","Full Day","AMP-M8-U3","3","Proportional and Linear Relationships","AMP-M8-U3-I03","3","Lesson","Turtle Time Trials","1"
"M8-P1","Odd","34","2026-10-05","42","Block Day - Odd Periods","AMP-M8-U3","3","Proportional and Linear Relationships","AMP-M8-U3-I04","4","Lesson","Water Tank","1"
"M8-P1","Odd","35","2026-10-07","44","Short Day","AMP-M8-U3","3","Proportional and Linear Relationships","AMP-M8-U3-I05","5","Lesson","Proportional Posters","1"
"M8-P1","Odd","36","2026-10-08","45","Full Day","AMP-M8-U3","3","Proportional and Linear Relationships","AMP-M8-U3-I06","6","Lesson","Flags","1"
"M8-P1","Odd","37","2026-10-14","47","Short Day","AMP-M8-U3","3","Proportional and Linear Relationships","AMP-M8-U3-I07","7","Lesson","Water Cooler","1"
"M8-P1","Odd","38","2026-10-15","48","Full Day","AMP-M8-U3","3","Proportional and Linear Relationships","AMP-M8-U3-I08","8","Lesson","Ups and Downs","1"
"M8-P1","Odd","39","2026-10-16","49","Full Day","AMP-M8-U3","3","Proportional and Linear Relationships","AMP-M8-U3-I10","10","Lesson","Translations","1"
"M8-P1","Odd","40","2026-10-19","50","Block Day - Odd Periods","AMP-M8-U3","3","Proportional and Linear Relationships","AMP-M8-U3-I11","11","Practice Day","8.3 Practice Day 1","1"
"M8-P1","Odd","41","2026-10-21","52","Short Day","AMP-M8-U3","3","Proportional and Linear Relationships","AMP-M8-U3-I12","12","Sub-Unit Quiz","8.3 Sub-Unit Quiz","1"
"M8-P1","Odd","42","2026-10-22","53","Full Day","AMP-M8-U3","3","Proportional and Linear Relationships","AMP-M8-U3-I13","13","Lesson","Landing Planes","1"
"M8-P1","Odd","43","2026-10-23","54","Full Day","AMP-M8-U3","3","Proportional and Linear Relationships","AMP-M8-U3-I14","14","Lesson","Coin Capture","1"
"M8-P1","Odd","44","2026-10-26","55","Block Day - Odd Periods","AMP-M8-U3","3","Proportional and Linear Relationships","AMP-M8-U3-I15","15","Lesson","Why Intercepts?","1"
"M8-P1","Odd","45","2026-10-28","57","Short Day","AMP-M8-U3","3","Proportional and Linear Relationships","AMP-M8-U3-I16","16","Lesson","Solutions","1"
"M8-P1","Odd","46","2026-10-29","58","Full Day","AMP-M8-U3","3","Proportional and Linear Relationships","AMP-M8-U3-I17","17","Lesson","Pennies and Quarters","1"
"M8-P1","Odd","47","2026-10-30","59","Full Day","AMP-M8-U3","3","Proportional and Linear Relationships","AMP-M8-U3-I18","18","Practice Day","8.3 Practice Day 2","1"
"M8-P1","Odd","48","2026-11-02","60","Block Day - Odd Periods","AMP-M8-U3","3","Proportional and Linear Relationships","AMP-M8-U3-I19","19","Performance Task","8.3 Performance Task","1"
"M8-P1","Odd","49","2026-11-04","62","Short Day","AMP-M8-U3","3","Proportional and Linear Relationships","AMP-M8-U3-I20","20","Unit Synthesis and Reflection","Unit Synthesis and Reflection","1"
"M8-P1","Odd","50","2026-11-05","63","Full Day","AMP-M8-U4","4","Linear Equations and Linear Systems","AMP-M8-U4-I04","4","Lesson","Keep It Balanced","1"
"M8-P1","Odd","51","2026-11-06","64","Full Day","AMP-M8-U4","4","Linear Equations and Linear Systems","AMP-M8-U4-I05","5","Lesson","Balanced Moves","1"
"M8-P1","Odd","52","2026-11-09","65","Block Day - Odd Periods","AMP-M8-U4","4","Linear Equations and Linear Systems","AMP-M8-U4-I06","6","Lesson","More Balanced Moves","1"
"M8-P1","Odd","53","2026-11-12","67","Full Day","AMP-M8-U4","4","Linear Equations and Linear Systems","AMP-M8-U4-I07","7","Lesson","Equation Roundtable","1"
"M8-P1","Odd","54","2026-11-13","68","Full Day","AMP-M8-U4","4","Linear Equations and Linear Systems","AMP-M8-U4-I08","8","Lesson","All, Some, or None? Part 1","1"
"M8-P1","Odd","55","2026-11-16","69","Block Day - Odd Periods","AMP-M8-U4","4","Linear Equations and Linear Systems","AMP-M8-U4-I09","9","Lesson","Strategic Solving, Part 1","1"
"M8-P1","Odd","56","2026-11-18","71","Short Day","AMP-M8-U4","4","Linear Equations and Linear Systems","AMP-M8-U4-I10","10","Lesson","When Will They Meet?","1"
"M8-P1","Odd","57","2026-11-19","72","Full Day","AMP-M8-U4","4","Linear Equations and Linear Systems","AMP-M8-U4-I11","11","Practice Day","8.4 Practice Day 1","1"
"M8-P1","Odd","58","2026-11-20","73","Full Day","AMP-M8-U4","4","Linear Equations and Linear Systems","AMP-M8-U4-I12","12","Sub-Unit Quiz","8.4 Sub-Unit Quiz","1"
"M8-P1","Odd","59","2026-11-30","74","Block Day - Odd Periods","AMP-M8-U4","4","Linear Equations and Linear Systems","AMP-M8-U4-I13","13","Lesson","On or Off the Line?","1"
"M8-P1","Odd","60","2026-12-02","76","Short Day","AMP-M8-U4","4","Linear Equations and Linear Systems","AMP-M8-U4-I14","14","Lesson","On Both Lines","1"
"M8-P1","Odd","61","2026-12-03","77","Full Day","AMP-M8-U4","4","Linear Equations and Linear Systems","AMP-M8-U4-I15","15","Lesson","Make Them Balance","1"
"M8-P1","Odd","62","2026-12-04","78","Full Day","AMP-M8-U4","4","Linear Equations and Linear Systems","AMP-M8-U4-I16","16","Lesson","Line Zapper","1"
"M8-P1","Odd","63","2026-12-07","79","Block Day - Odd Periods","AMP-M8-U4","4","Linear Equations and Linear Systems","AMP-M8-U4-I17","17","Lesson","All, Some, or None? Part 2","1"
"M8-P1","Odd","64","2026-12-09","81","Short Day","AMP-M8-U4","4","Linear Equations and Linear Systems","AMP-M8-U4-I18","18","Lesson","Strategic Solving, Part 2","1"
"M8-P1","Odd","65","2026-12-10","82","Full Day","AMP-M8-U4","4","Linear Equations and Linear Systems","AMP-M8-U4-I19","19","Practice Day","8.4 Practice Day 2","1"
"M8-P1","Odd","66","2026-12-11","83","Full Day","AMP-M8-U4","4","Linear Equations and Linear Systems","AMP-M8-U4-I20","20","Performance Task","8.4 Performance Task","1"
"M8-P1","Odd","67","2026-12-14","84","Block Day - Odd Periods","AMP-M8-U4","4","Linear Equations and Linear Systems","AMP-M8-U4-I21","21","Unit Synthesis and Reflection","Unit Synthesis and Reflection","1"
"M8-P1","Odd","68","2026-12-16","86","Short Day","AMP-M8-U5","5","Functions and Volume","AMP-M8-U5-I04","4","Lesson","Guess My Rule","1"
"M8-P1","Odd","69","2026-12-17","87","Full Day","AMP-M8-U5","5","Functions and Volume","AMP-M8-U5-I05","5","Lesson","Function or Not?","1"
"M8-P1","Odd","70","2026-12-18","88","Full Day","AMP-M8-U5","5","Functions and Volume","AMP-M8-U5-I06","6","Lesson","Dependence Day","1"
"M8-P1","Odd","71","2027-01-04","89","Block Day - Odd Periods","AMP-M8-U5","5","Functions and Volume","AMP-M8-U5-I07","7","Lesson","The Tortoise and the Hare","1"
"M8-P1","Odd","72","2027-01-06","91","Short Day","AMP-M8-U5","5","Functions and Volume","AMP-M8-U5-I08","8","Lesson","Graphing Stories","1"
"M8-P1","Odd","73","2027-01-07","92","Full Day","AMP-M8-U5","5","Functions and Volume","AMP-M8-U5-I09","9","Lesson","Comparing Linear Functions","1"
"M8-P1","Odd","74","2027-01-08","93","Full Day","AMP-M8-U5","5","Functions and Volume","AMP-M8-U5-I10","10","Lesson","Charge!","1"
"M8-P1","Odd","75","2027-01-11","94","Block Day - Odd Periods","AMP-M8-U5","5","Functions and Volume","AMP-M8-U5-I12","12","Practice Day","8.5 Practice Day 1","1"
"M8-P1","Odd","76","2027-01-13","96","Short Day","AMP-M8-U5","5","Functions and Volume","AMP-M8-U5-I13","13","Sub-Unit Quiz","8.5 Sub-Unit Quiz","1"
"M8-P1","Odd","77","2027-01-14","97","Full Day","AMP-M8-U5","5","Functions and Volume","AMP-M8-U5-I14","14","Lesson","Volume Lab","1"
"M8-P1","Odd","78","2027-01-20","99","Short Day","AMP-M8-U5","5","Functions and Volume","AMP-M8-U5-I15","15","Lesson","Cylinders","1"
"M8-P1","Odd","79","2027-01-21","100","Full Day","AMP-M8-U5","5","Functions and Volume","AMP-M8-U5-I16","16","Lesson","Scaling Cylinders","1"
"M8-P1","Odd","80","2027-01-22","101","Full Day","AMP-M8-U5","5","Functions and Volume","AMP-M8-U5-I17","17","Lesson","Cones","1"
"M8-P1","Odd","81","2027-01-25","102","Block Day - Odd Periods","AMP-M8-U5","5","Functions and Volume","AMP-M8-U5-I18","18","Lesson","Unknown Dimensions","1"
"M8-P1","Odd","82","2027-01-27","104","Short Day","AMP-M8-U5","5","Functions and Volume","AMP-M8-U5-I19","19","Lesson","Spheres","1"
"M8-P1","Odd","83","2027-01-28","105","Full Day","AMP-M8-U5","5","Functions and Volume","AMP-M8-U5-I20","20","Practice Day","8.5 Practice Day 2","1"
"M8-P1","Odd","84","2027-01-29","106","Full Day","AMP-M8-U5","5","Functions and Volume","AMP-M8-U5-I21","21","Performance Task","8.5 Performance Task","1"
"M8-P1","Odd","85","2027-02-01","107","Block Day - Odd Periods","AMP-M8-U5","5","Functions and Volume","AMP-M8-U5-I22","22","Unit Synthesis and Reflection","Unit Synthesis and Reflection","1"
"M8-P1","Odd","86","2027-02-03","109","Short Day","AMP-M8-U6","6","Associations in Data","AMP-M8-U6-I02","2","Explore","Changes in the Ozone Layer","1"
"M8-P1","Odd","87","2027-02-04","110","Full Day","AMP-M8-U6","6","Associations in Data","AMP-M8-U6-I03","3","Lesson","Click Battle","1"
"M8-P1","Odd","88","2027-02-05","111","Full Day","AMP-M8-U6","6","Associations in Data","AMP-M8-U6-I04","4","Lesson","Wingspan","1"
"M8-P1","Odd","89","2027-02-08","112","Block Day - Odd Periods","AMP-M8-U6","6","Associations in Data","AMP-M8-U6-I05","5","Lesson","Robots","1"
"M8-P1","Odd","90","2027-02-10","114","Short Day","AMP-M8-U6","6","Associations in Data","AMP-M8-U6-I06","6","Lesson","Dapper Cats","1"
"M8-P1","Odd","91","2027-02-11","115","Full Day","AMP-M8-U6","6","Associations in Data","AMP-M8-U6-I07","7","Lesson","Interpreting Scatter Plots","1"
"M8-P1","Odd","92","2027-02-17","117","Short Day","AMP-M8-U6","6","Associations in Data","AMP-M8-U6-I08","8","Lesson","Find the Fit","1"
"M8-P1","Odd","93","2027-02-18","118","Full Day","AMP-M8-U6","6","Associations in Data","AMP-M8-U6-I09","9","Lesson","Interpreting Slopes","1"
"M8-P1","Odd","94","2027-02-19","119","Full Day","AMP-M8-U6","6","Associations in Data","AMP-M8-U6-I10","10","Lesson","Scatter Plot City","1"
"M8-P1","Odd","95","2027-02-22","120","Block Day - Odd Periods","AMP-M8-U6","6","Associations in Data","AMP-M8-U6-I11","11","Lesson","Animal Brains","1"
"M8-P1","Odd","96","2027-02-24","122","Short Day","AMP-M8-U6","6","Associations in Data","AMP-M8-U6-I12","12","Practice Day","8.6 Practice Day 1","1"
"M8-P1","Odd","97","2027-02-25","123","Full Day","AMP-M8-U6","6","Associations in Data","AMP-M8-U6-I13","13","Sub-Unit Quiz","8.6 Sub-Unit Quiz","1"
"M8-P1","Odd","98","2027-02-26","124","Full Day","AMP-M8-U6","6","Associations in Data","AMP-M8-U6-I14","14","Lesson","Tasty Fruit","1"
"M8-P1","Odd","99","2027-03-01","125","Block Day - Odd Periods","AMP-M8-U6","6","Associations in Data","AMP-M8-U6-I15","15","Lesson","Finding Associations","1"
"M8-P1","Odd","100","2027-03-03","127","Short Day","AMP-M8-U6","6","Associations in Data","AMP-M8-U6-I16","16","Practice Day","8.6 Practice Day 2","1"
"M8-P1","Odd","101","2027-03-04","128","Full Day","AMP-M8-U6","6","Associations in Data","AMP-M8-U6-I17","17","Performance Task","8.6 Performance Task","1"
"M8-P1","Odd","102","2027-03-05","129","Full Day","AMP-M8-U6","6","Associations in Data","AMP-M8-U6-I18","18","Unit Synthesis and Reflection","Unit Synthesis and Reflection","1"
"M8-P1","Odd","103","2027-03-08","130","Block Day - Odd Periods","AMP-M8-U7","7","Exponents and Scientific Notation","AMP-M8-U7-I03","3","Lesson","Circles","1"
"M8-P1","Odd","104","2027-03-10","132","Short Day","AMP-M8-U7","7","Exponents and Scientific Notation","AMP-M8-U7-I04","4","Lesson","Combining Exponents","1"
"M8-P1","Odd","105","2027-03-11","133","Full Day","AMP-M8-U7","7","Exponents and Scientific Notation","AMP-M8-U7-I05","5","Lesson","Power Pairs","1"
"M8-P1","Odd","106","2027-03-17","135","Short Day","AMP-M8-U7","7","Exponents and Scientific Notation","AMP-M8-U7-I06","6","Lesson","Rewriting Powers","1"
"M8-P1","Odd","107","2027-03-18","136","Full Day","AMP-M8-U7","7","Exponents and Scientific Notation","AMP-M8-U7-I07","7","Lesson","Negative and Zero Exponents","1"
"M8-P1","Odd","108","2027-03-19","137","Full Day","AMP-M8-U7","7","Exponents and Scientific Notation","AMP-M8-U7-I08","8","Lesson","Write a Rule","1"
"M8-P1","Odd","109","2027-03-22","138","Block Day - Odd Periods","AMP-M8-U7","7","Exponents and Scientific Notation","AMP-M8-U7-I09","9","Practice Day","8.7 Practice Day 1","1"
"M8-P1","Odd","110","2027-03-24","140","Short Day","AMP-M8-U7","7","Exponents and Scientific Notation","AMP-M8-U7-I10","10","Sub-Unit Quiz","8.7 Sub-Unit Quiz","1"
"M8-P1","Odd","111","2027-03-25","141","Full Day","AMP-M8-U7","7","Exponents and Scientific Notation","AMP-M8-U7-I11","11","Lesson","Scales and Weights, Part 1","1"
"M8-P1","Odd","112","2027-03-26","142","Full Day","AMP-M8-U7","7","Exponents and Scientific Notation","AMP-M8-U7-I12","12","Lesson","Scales and Weights, Part 2","1"
"M8-P1","Odd","113","2027-03-29","143","Block Day - Odd Periods","AMP-M8-U7","7","Exponents and Scientific Notation","AMP-M8-U7-I13","13","Lesson","Specific and Scientific","1"
"M8-P1","Odd","114","2027-03-31","145","Short Day","AMP-M8-U7","7","Exponents and Scientific Notation","AMP-M8-U7-I14","14","Lesson","Multiplying and Dividing","1"
"M8-P1","Odd","115","2027-04-01","146","Full Day","AMP-M8-U7","7","Exponents and Scientific Notation","AMP-M8-U7-I15","15","Lesson","Balance the Scale","1"
"M8-P1","Odd","116","2027-04-02","147","Full Day","AMP-M8-U7","7","Exponents and Scientific Notation","AMP-M8-U7-I17","17","Lesson","City Lights","1"
"M8-P1","Odd","117","2027-04-14","149","Short Day","AMP-M8-U7","7","Exponents and Scientific Notation","AMP-M8-U7-I18","18","Lesson","Star Power","1"
"M8-P1","Odd","118","2027-04-15","150","Full Day","AMP-M8-U7","7","Exponents and Scientific Notation","AMP-M8-U7-I19","19","Practice Day","8.7 Practice Day 2","1"
"M8-P1","Odd","119","2027-04-16","151","Full Day","AMP-M8-U7","7","Exponents and Scientific Notation","AMP-M8-U7-I20","20","Performance Task","8.7 Performance Task","1"
"M8-P1","Odd","120","2027-04-19","152","Block Day - Odd Periods","AMP-M8-U7","7","Exponents and Scientific Notation","AMP-M8-U7-I21","21","Unit Synthesis and Reflection","Unit Synthesis and Reflection","1"
"M8-P1","Odd","121","2027-04-21","154","Short Day","AMP-M8-U8","8","The Pythagorean Theorem and Irrational Numbers","AMP-M8-U8-I03","3","Lesson","Tilted Squares","1"
"M8-P1","Odd","122","2027-04-22","155","Full Day","AMP-M8-U8","8","The Pythagorean Theorem and Irrational Numbers","AMP-M8-U8-I04","4","Lesson","From Squares to Roots","1"
"M8-P1","Odd","123","2027-04-23","156","Full Day","AMP-M8-U8","8","The Pythagorean Theorem and Irrational Numbers","AMP-M8-U8-I05","5","Lesson","Between Squares","1"
"M8-P1","Odd","124","2027-04-26","157","Block Day - Odd Periods","AMP-M8-U8","8","The Pythagorean Theorem and Irrational Numbers","AMP-M8-U8-I06","6","Lesson","Root Down","1"
"M8-P1","Odd","125","2027-04-28","159","Short Day","AMP-M8-U8","8","The Pythagorean Theorem and Irrational Numbers","AMP-M8-U8-I07","7","Lesson","Filling Cubes","1"
"M8-P1","Odd","126","2027-04-29","160","Full Day","AMP-M8-U8","8","The Pythagorean Theorem and Irrational Numbers","AMP-M8-U8-I08","8","Practice Day","8.8 Practice Day 1","1"
"M8-P1","Odd","127","2027-04-30","161","Full Day","AMP-M8-U8","8","The Pythagorean Theorem and Irrational Numbers","AMP-M8-U8-I09","9","Sub-Unit Quiz","8.8 Sub-Unit Quiz","1"
"M8-P1","Odd","128","2027-05-03","162","Block Day - Odd Periods","AMP-M8-U8","8","The Pythagorean Theorem and Irrational Numbers","AMP-M8-U8-I10","10","Lesson","The Pythagorean Theorem","1"
"M8-P1","Odd","129","2027-05-05","164","Short Day","AMP-M8-U8","8","The Pythagorean Theorem and Irrational Numbers","AMP-M8-U8-I11","11","Lesson","Pictures to Prove It","1"
"M8-P1","Odd","130","2027-05-06","165","Full Day","AMP-M8-U8","8","The Pythagorean Theorem and Irrational Numbers","AMP-M8-U8-I12","12","Lesson","Triangle-Tracing Turtle","1"
"M8-P1","Odd","131","2027-05-07","166","Full Day","AMP-M8-U8","8","The Pythagorean Theorem and Irrational Numbers","AMP-M8-U8-I13","13","Lesson","Make It Right","1"
"M8-P1","Odd","132","2027-05-10","167","Block Day - Odd Periods","AMP-M8-U8","8","The Pythagorean Theorem and Irrational Numbers","AMP-M8-U8-I14","14","Lesson","Taco Truck","1"
"M8-P1","Odd","133","2027-05-12","169","Short Day","AMP-M8-U8","8","The Pythagorean Theorem and Irrational Numbers","AMP-M8-U8-I15","15","Lesson","Pond Hopper","1"
"M8-P1","Odd","134","2027-05-13","170","Full Day","AMP-M8-U8","8","The Pythagorean Theorem and Irrational Numbers","AMP-M8-U8-I16","16","Lesson","Fractions to Decimals","1"
"M8-P1","Odd","135","2027-05-14","171","Full Day","AMP-M8-U8","8","The Pythagorean Theorem and Irrational Numbers","AMP-M8-U8-I17","17","Lesson","Decimals to Fractions","1"
"M8-P1","Odd","136","2027-05-17","172","Block Day - Odd Periods","AMP-M8-U8","8","The Pythagorean Theorem and Irrational Numbers","AMP-M8-U8-I18","18","Lesson","Hit the Target","1"
"M8-P1","Odd","137","2027-05-19","174","Short Day","AMP-M8-U8","8","The Pythagorean Theorem and Irrational Numbers","AMP-M8-U8-I19","19","Practice Day","8.8 Practice Day 2","1"
"M8-P1","Odd","138","2027-05-20","175","Full Day","AMP-M8-U8","8","The Pythagorean Theorem and Irrational Numbers","AMP-M8-U8-I20","20","Performance Task","8.8 Performance Task","1"
"M8-P1","Odd","139","2027-05-21","176","Full Day","AMP-M8-U8","8","The Pythagorean Theorem and Irrational Numbers","AMP-M8-U8-I21","21","Unit Synthesis and Reflection","Unit Synthesis and Reflection","1"
"M8-P2","Even","1","2026-08-06","1","Full Day","AMP-M8-U1","1","Rigid Transformations and Congruence","AMP-M8-U1-I05","5","Lesson","Spinning, Flipping, Sliding","1"
"M8-P2","Even","2","2026-08-07","2","Full Day","AMP-M8-U1","1","Rigid Transformations and Congruence","AMP-M8-U1-I06","6","Lesson","Transformation Targets","1"
"M8-P2","Even","3","2026-08-11","4","Block Day - Even Periods","AMP-M8-U1","1","Rigid Transformations and Congruence","AMP-M8-U1-I07","7","Lesson","Moving Day","1"
"M8-P2","Even","4","2026-08-12","5","Short Day","AMP-M8-U1","1","Rigid Transformations and Congruence","AMP-M8-U1-I08","8","Lesson","Getting Coordinated, Part 1","1"
"M8-P2","Even","5","2026-08-13","6","Full Day","AMP-M8-U1","1","Rigid Transformations and Congruence","AMP-M8-U1-I09","9","Lesson","Getting Coordinated, Part 2","1"
"M8-P2","Even","6","2026-08-14","7","Full Day","AMP-M8-U1","1","Rigid Transformations and Congruence","AMP-M8-U1-I10","10","Practice Day","8.1 Practice Day 1","1"
"M8-P2","Even","7","2026-08-18","9","Block Day - Even Periods","AMP-M8-U1","1","Rigid Transformations and Congruence","AMP-M8-U1-I11","11","Sub-Unit Quiz","8.1 Sub-Unit Quiz","1"
"M8-P2","Even","8","2026-08-19","10","Short Day","AMP-M8-U1","1","Rigid Transformations and Congruence","AMP-M8-U1-I12","12","Lesson","No Bending, No Stretching","1"
"M8-P2","Even","9","2026-08-20","11","Full Day","AMP-M8-U1","1","Rigid Transformations and Congruence","AMP-M8-U1-I13","13","Lesson","Are They the Same?","1"
"M8-P2","Even","10","2026-08-21","12","Full Day","AMP-M8-U1","1","Rigid Transformations and Congruence","AMP-M8-U1-I14","14","Lesson","Are They Congruent?","1"
"M8-P2","Even","11","2026-08-25","14","Block Day - Even Periods","AMP-M8-U1","1","Rigid Transformations and Congruence","AMP-M8-U1-I15","15","Lesson","Transforming Angles","1"
"M8-P2","Even","12","2026-08-26","15","Short Day","AMP-M8-U1","1","Rigid Transformations and Congruence","AMP-M8-U1-I16","16","Lesson","Tearing It Up","1"
"M8-P2","Even","13","2026-08-27","16","Full Day","AMP-M8-U1","1","Rigid Transformations and Congruence","AMP-M8-U1-I17","17","Lesson","Puzzling It Out","1"
"M8-P2","Even","14","2026-08-28","17","Full Day","AMP-M8-U1","1","Rigid Transformations and Congruence","AMP-M8-U1-I18","18","Lesson","Tessellate","1"
"M8-P2","Even","15","2026-09-01","19","Block Day - Even Periods","AMP-M8-U1","1","Rigid Transformations and Congruence","AMP-M8-U1-I19","19","Practice Day","8.1 Practice Day 2","1"
"M8-P2","Even","16","2026-09-02","20","Short Day","AMP-M8-U1","1","Rigid Transformations and Congruence","AMP-M8-U1-I20","20","Performance Task","8.1 Performance Task","1"
"M8-P2","Even","17","2026-09-03","21","Full Day","AMP-M8-U1","1","Rigid Transformations and Congruence","AMP-M8-U1-I21","21","Unit Synthesis and Reflection","Unit Synthesis and Reflection","1"
"M8-P2","Even","18","2026-09-04","22","Full Day","AMP-M8-U2","2","Dilations, Similarity, and Slope","AMP-M8-U2-I03","3","Lesson","Sketchy Dilations","1"
"M8-P2","Even","19","2026-09-08","23","Block Day - Even Periods","AMP-M8-U2","2","Dilations, Similarity, and Slope","AMP-M8-U2-I04","4","Lesson","Dilation Mini Golf","1"
"M8-P2","Even","20","2026-09-09","24","Short Day","AMP-M8-U2","2","Dilations, Similarity, and Slope","AMP-M8-U2-I05","5","Lesson","Transformation Targets With Dilations","1"
"M8-P2","Even","21","2026-09-10","25","Full Day","AMP-M8-U2","2","Dilations, Similarity, and Slope","AMP-M8-U2-I06","6","Lesson","Match My Dilation","1"
"M8-P2","Even","22","2026-09-11","26","Full Day","AMP-M8-U2","2","Dilations, Similarity, and Slope","AMP-M8-U2-I07","7","Lesson","Dilations on a Plane","1"
"M8-P2","Even","23","2026-09-15","28","Block Day - Even Periods","AMP-M8-U2","2","Dilations, Similarity, and Slope","AMP-M8-U2-I08","8","Practice Day","8.2 Practice Day 1","1"
"M8-P2","Even","24","2026-09-16","29","Short Day","AMP-M8-U2","2","Dilations, Similarity, and Slope","AMP-M8-U2-I09","9","Sub-Unit Quiz","8.2 Sub-Unit Quiz","1"
"M8-P2","Even","25","2026-09-17","30","Full Day","AMP-M8-U2","2","Dilations, Similarity, and Slope","AMP-M8-U2-I10","10","Lesson","Social Scavenger Hunt","1"
"M8-P2","Even","26","2026-09-18","31","Full Day","AMP-M8-U2","2","Dilations, Similarity, and Slope","AMP-M8-U2-I11","11","Lesson","Are Angles Enough?","1"
"M8-P2","Even","27","2026-09-22","33","Block Day - Even Periods","AMP-M8-U2","2","Dilations, Similarity, and Slope","AMP-M8-U2-I12","12","Lesson","Shadows","1"
"M8-P2","Even","28","2026-09-23","34","Short Day","AMP-M8-U2","2","Dilations, Similarity, and Slope","AMP-M8-U2-I13","13","Lesson","Water Slide","1"
"M8-P2","Even","29","2026-09-24","35","Full Day","AMP-M8-U2","2","Dilations, Similarity, and Slope","AMP-M8-U2-I14","14","Lesson","Slope Challenges","1"
"M8-P2","Even","30","2026-09-25","36","Full Day","AMP-M8-U2","2","Dilations, Similarity, and Slope","AMP-M8-U2-I15","15","Practice Day","8.2 Practice Day 2","1"
"M8-P2","Even","31","2026-09-29","38","Block Day - Even Periods","AMP-M8-U2","2","Dilations, Similarity, and Slope","AMP-M8-U2-I16","16","Performance Task","8.2 Performance Task","1"
"M8-P2","Even","32","2026-09-30","39","Short Day","AMP-M8-U2","2","Dilations, Similarity, and Slope","AMP-M8-U2-I17","17","Unit Synthesis and Reflection","Unit Synthesis and Reflection","1"
"M8-P2","Even","33","2026-10-01","40","Full Day","AMP-M8-U3","3","Proportional and Linear Relationships","AMP-M8-U3-I03","3","Lesson","Turtle Time Trials","1"
"M8-P2","Even","34","2026-10-02","41","Full Day","AMP-M8-U3","3","Proportional and Linear Relationships","AMP-M8-U3-I04","4","Lesson","Water Tank","1"
"M8-P2","Even","35","2026-10-06","43","Block Day - Even Periods","AMP-M8-U3","3","Proportional and Linear Relationships","AMP-M8-U3-I05","5","Lesson","Proportional Posters","1"
"M8-P2","Even","36","2026-10-07","44","Short Day","AMP-M8-U3","3","Proportional and Linear Relationships","AMP-M8-U3-I06","6","Lesson","Flags","1"
"M8-P2","Even","37","2026-10-08","45","Full Day","AMP-M8-U3","3","Proportional and Linear Relationships","AMP-M8-U3-I07","7","Lesson","Water Cooler","1"
"M8-P2","Even","38","2026-10-13","46","Block Day - Even Periods","AMP-M8-U3","3","Proportional and Linear Relationships","AMP-M8-U3-I08","8","Lesson","Ups and Downs","1"
"M8-P2","Even","39","2026-10-14","47","Short Day","AMP-M8-U3","3","Proportional and Linear Relationships","AMP-M8-U3-I10","10","Lesson","Translations","1"
"M8-P2","Even","40","2026-10-15","48","Full Day","AMP-M8-U3","3","Proportional and Linear Relationships","AMP-M8-U3-I11","11","Practice Day","8.3 Practice Day 1","1"
"M8-P2","Even","41","2026-10-16","49","Full Day","AMP-M8-U3","3","Proportional and Linear Relationships","AMP-M8-U3-I12","12","Sub-Unit Quiz","8.3 Sub-Unit Quiz","1"
"M8-P2","Even","42","2026-10-20","51","Block Day - Even Periods","AMP-M8-U3","3","Proportional and Linear Relationships","AMP-M8-U3-I13","13","Lesson","Landing Planes","1"
"M8-P2","Even","43","2026-10-21","52","Short Day","AMP-M8-U3","3","Proportional and Linear Relationships","AMP-M8-U3-I14","14","Lesson","Coin Capture","1"
"M8-P2","Even","44","2026-10-22","53","Full Day","AMP-M8-U3","3","Proportional and Linear Relationships","AMP-M8-U3-I15","15","Lesson","Why Intercepts?","1"
"M8-P2","Even","45","2026-10-23","54","Full Day","AMP-M8-U3","3","Proportional and Linear Relationships","AMP-M8-U3-I16","16","Lesson","Solutions","1"
"M8-P2","Even","46","2026-10-27","56","Block Day - Even Periods","AMP-M8-U3","3","Proportional and Linear Relationships","AMP-M8-U3-I17","17","Lesson","Pennies and Quarters","1"
"M8-P2","Even","47","2026-10-28","57","Short Day","AMP-M8-U3","3","Proportional and Linear Relationships","AMP-M8-U3-I18","18","Practice Day","8.3 Practice Day 2","1"
"M8-P2","Even","48","2026-10-29","58","Full Day","AMP-M8-U3","3","Proportional and Linear Relationships","AMP-M8-U3-I19","19","Performance Task","8.3 Performance Task","1"
"M8-P2","Even","49","2026-10-30","59","Full Day","AMP-M8-U3","3","Proportional and Linear Relationships","AMP-M8-U3-I20","20","Unit Synthesis and Reflection","Unit Synthesis and Reflection","1"
"M8-P2","Even","50","2026-11-03","61","Block Day - Even Periods","AMP-M8-U4","4","Linear Equations and Linear Systems","AMP-M8-U4-I04","4","Lesson","Keep It Balanced","1"
"M8-P2","Even","51","2026-11-04","62","Short Day","AMP-M8-U4","4","Linear Equations and Linear Systems","AMP-M8-U4-I05","5","Lesson","Balanced Moves","1"
"M8-P2","Even","52","2026-11-05","63","Full Day","AMP-M8-U4","4","Linear Equations and Linear Systems","AMP-M8-U4-I06","6","Lesson","More Balanced Moves","1"
"M8-P2","Even","53","2026-11-06","64","Full Day","AMP-M8-U4","4","Linear Equations and Linear Systems","AMP-M8-U4-I07","7","Lesson","Equation Roundtable","1"
"M8-P2","Even","54","2026-11-10","66","Block Day - Even Periods","AMP-M8-U4","4","Linear Equations and Linear Systems","AMP-M8-U4-I08","8","Lesson","All, Some, or None? Part 1","1"
"M8-P2","Even","55","2026-11-12","67","Full Day","AMP-M8-U4","4","Linear Equations and Linear Systems","AMP-M8-U4-I09","9","Lesson","Strategic Solving, Part 1","1"
"M8-P2","Even","56","2026-11-13","68","Full Day","AMP-M8-U4","4","Linear Equations and Linear Systems","AMP-M8-U4-I10","10","Lesson","When Will They Meet?","1"
"M8-P2","Even","57","2026-11-17","70","Block Day - Even Periods","AMP-M8-U4","4","Linear Equations and Linear Systems","AMP-M8-U4-I11","11","Practice Day","8.4 Practice Day 1","1"
"M8-P2","Even","58","2026-11-18","71","Short Day","AMP-M8-U4","4","Linear Equations and Linear Systems","AMP-M8-U4-I12","12","Sub-Unit Quiz","8.4 Sub-Unit Quiz","1"
"M8-P2","Even","59","2026-11-19","72","Full Day","AMP-M8-U4","4","Linear Equations and Linear Systems","AMP-M8-U4-I13","13","Lesson","On or Off the Line?","1"
"M8-P2","Even","60","2026-11-20","73","Full Day","AMP-M8-U4","4","Linear Equations and Linear Systems","AMP-M8-U4-I14","14","Lesson","On Both Lines","1"
"M8-P2","Even","61","2026-12-01","75","Block Day - Even Periods","AMP-M8-U4","4","Linear Equations and Linear Systems","AMP-M8-U4-I15","15","Lesson","Make Them Balance","1"
"M8-P2","Even","62","2026-12-02","76","Short Day","AMP-M8-U4","4","Linear Equations and Linear Systems","AMP-M8-U4-I16","16","Lesson","Line Zapper","1"
"M8-P2","Even","63","2026-12-03","77","Full Day","AMP-M8-U4","4","Linear Equations and Linear Systems","AMP-M8-U4-I17","17","Lesson","All, Some, or None? Part 2","1"
"M8-P2","Even","64","2026-12-04","78","Full Day","AMP-M8-U4","4","Linear Equations and Linear Systems","AMP-M8-U4-I18","18","Lesson","Strategic Solving, Part 2","1"
"M8-P2","Even","65","2026-12-08","80","Block Day - Even Periods","AMP-M8-U4","4","Linear Equations and Linear Systems","AMP-M8-U4-I19","19","Practice Day","8.4 Practice Day 2","1"
"M8-P2","Even","66","2026-12-09","81","Short Day","AMP-M8-U4","4","Linear Equations and Linear Systems","AMP-M8-U4-I20","20","Performance Task","8.4 Performance Task","1"
"M8-P2","Even","67","2026-12-10","82","Full Day","AMP-M8-U4","4","Linear Equations and Linear Systems","AMP-M8-U4-I21","21","Unit Synthesis and Reflection","Unit Synthesis and Reflection","1"
"M8-P2","Even","68","2026-12-11","83","Full Day","AMP-M8-U5","5","Functions and Volume","AMP-M8-U5-I04","4","Lesson","Guess My Rule","1"
"M8-P2","Even","69","2026-12-15","85","Block Day - Even Periods","AMP-M8-U5","5","Functions and Volume","AMP-M8-U5-I05","5","Lesson","Function or Not?","1"
"M8-P2","Even","70","2026-12-16","86","Short Day","AMP-M8-U5","5","Functions and Volume","AMP-M8-U5-I06","6","Lesson","Dependence Day","1"
"M8-P2","Even","71","2026-12-17","87","Full Day","AMP-M8-U5","5","Functions and Volume","AMP-M8-U5-I07","7","Lesson","The Tortoise and the Hare","1"
"M8-P2","Even","72","2026-12-18","88","Full Day","AMP-M8-U5","5","Functions and Volume","AMP-M8-U5-I08","8","Lesson","Graphing Stories","1"
"M8-P2","Even","73","2027-01-05","90","Block Day - Even Periods","AMP-M8-U5","5","Functions and Volume","AMP-M8-U5-I09","9","Lesson","Comparing Linear Functions","1"
"M8-P2","Even","74","2027-01-06","91","Short Day","AMP-M8-U5","5","Functions and Volume","AMP-M8-U5-I10","10","Lesson","Charge!","1"
"M8-P2","Even","75","2027-01-07","92","Full Day","AMP-M8-U5","5","Functions and Volume","AMP-M8-U5-I12","12","Practice Day","8.5 Practice Day 1","1"
"M8-P2","Even","76","2027-01-08","93","Full Day","AMP-M8-U5","5","Functions and Volume","AMP-M8-U5-I13","13","Sub-Unit Quiz","8.5 Sub-Unit Quiz","1"
"M8-P2","Even","77","2027-01-12","95","Block Day - Even Periods","AMP-M8-U5","5","Functions and Volume","AMP-M8-U5-I14","14","Lesson","Volume Lab","1"
"M8-P2","Even","78","2027-01-13","96","Short Day","AMP-M8-U5","5","Functions and Volume","AMP-M8-U5-I15","15","Lesson","Cylinders","1"
"M8-P2","Even","79","2027-01-14","97","Full Day","AMP-M8-U5","5","Functions and Volume","AMP-M8-U5-I16","16","Lesson","Scaling Cylinders","1"
"M8-P2","Even","80","2027-01-19","98","Block Day - Even Periods","AMP-M8-U5","5","Functions and Volume","AMP-M8-U5-I17","17","Lesson","Cones","1"
"M8-P2","Even","81","2027-01-20","99","Short Day","AMP-M8-U5","5","Functions and Volume","AMP-M8-U5-I18","18","Lesson","Unknown Dimensions","1"
"M8-P2","Even","82","2027-01-21","100","Full Day","AMP-M8-U5","5","Functions and Volume","AMP-M8-U5-I19","19","Lesson","Spheres","1"
"M8-P2","Even","83","2027-01-22","101","Full Day","AMP-M8-U5","5","Functions and Volume","AMP-M8-U5-I20","20","Practice Day","8.5 Practice Day 2","1"
"M8-P2","Even","84","2027-01-26","103","Block Day - Even Periods","AMP-M8-U5","5","Functions and Volume","AMP-M8-U5-I21","21","Performance Task","8.5 Performance Task","1"
"M8-P2","Even","85","2027-01-27","104","Short Day","AMP-M8-U5","5","Functions and Volume","AMP-M8-U5-I22","22","Unit Synthesis and Reflection","Unit Synthesis and Reflection","1"
"M8-P2","Even","86","2027-01-28","105","Full Day","AMP-M8-U6","6","Associations in Data","AMP-M8-U6-I02","2","Explore","Changes in the Ozone Layer","1"
"M8-P2","Even","87","2027-01-29","106","Full Day","AMP-M8-U6","6","Associations in Data","AMP-M8-U6-I03","3","Lesson","Click Battle","1"
"M8-P2","Even","88","2027-02-02","108","Block Day - Even Periods","AMP-M8-U6","6","Associations in Data","AMP-M8-U6-I04","4","Lesson","Wingspan","1"
"M8-P2","Even","89","2027-02-03","109","Short Day","AMP-M8-U6","6","Associations in Data","AMP-M8-U6-I05","5","Lesson","Robots","1"
"M8-P2","Even","90","2027-02-04","110","Full Day","AMP-M8-U6","6","Associations in Data","AMP-M8-U6-I06","6","Lesson","Dapper Cats","1"
"M8-P2","Even","91","2027-02-05","111","Full Day","AMP-M8-U6","6","Associations in Data","AMP-M8-U6-I07","7","Lesson","Interpreting Scatter Plots","1"
"M8-P2","Even","92","2027-02-09","113","Block Day - Even Periods","AMP-M8-U6","6","Associations in Data","AMP-M8-U6-I08","8","Lesson","Find the Fit","1"
"M8-P2","Even","93","2027-02-10","114","Short Day","AMP-M8-U6","6","Associations in Data","AMP-M8-U6-I09","9","Lesson","Interpreting Slopes","1"
"M8-P2","Even","94","2027-02-11","115","Full Day","AMP-M8-U6","6","Associations in Data","AMP-M8-U6-I10","10","Lesson","Scatter Plot City","1"
"M8-P2","Even","95","2027-02-16","116","Block Day - Even Periods","AMP-M8-U6","6","Associations in Data","AMP-M8-U6-I11","11","Lesson","Animal Brains","1"
"M8-P2","Even","96","2027-02-17","117","Short Day","AMP-M8-U6","6","Associations in Data","AMP-M8-U6-I12","12","Practice Day","8.6 Practice Day 1","1"
"M8-P2","Even","97","2027-02-18","118","Full Day","AMP-M8-U6","6","Associations in Data","AMP-M8-U6-I13","13","Sub-Unit Quiz","8.6 Sub-Unit Quiz","1"
"M8-P2","Even","98","2027-02-19","119","Full Day","AMP-M8-U6","6","Associations in Data","AMP-M8-U6-I14","14","Lesson","Tasty Fruit","1"
"M8-P2","Even","99","2027-02-23","121","Block Day - Even Periods","AMP-M8-U6","6","Associations in Data","AMP-M8-U6-I15","15","Lesson","Finding Associations","1"
"M8-P2","Even","100","2027-02-24","122","Short Day","AMP-M8-U6","6","Associations in Data","AMP-M8-U6-I16","16","Practice Day","8.6 Practice Day 2","1"
"M8-P2","Even","101","2027-02-25","123","Full Day","AMP-M8-U6","6","Associations in Data","AMP-M8-U6-I17","17","Performance Task","8.6 Performance Task","1"
"M8-P2","Even","102","2027-02-26","124","Full Day","AMP-M8-U6","6","Associations in Data","AMP-M8-U6-I18","18","Unit Synthesis and Reflection","Unit Synthesis and Reflection","1"
"M8-P2","Even","103","2027-03-02","126","Block Day - Even Periods","AMP-M8-U7","7","Exponents and Scientific Notation","AMP-M8-U7-I03","3","Lesson","Circles","1"
"M8-P2","Even","104","2027-03-03","127","Short Day","AMP-M8-U7","7","Exponents and Scientific Notation","AMP-M8-U7-I04","4","Lesson","Combining Exponents","1"
"M8-P2","Even","105","2027-03-04","128","Full Day","AMP-M8-U7","7","Exponents and Scientific Notation","AMP-M8-U7-I05","5","Lesson","Power Pairs","1"
"M8-P2","Even","106","2027-03-05","129","Full Day","AMP-M8-U7","7","Exponents and Scientific Notation","AMP-M8-U7-I06","6","Lesson","Rewriting Powers","1"
"M8-P2","Even","107","2027-03-09","131","Block Day - Even Periods","AMP-M8-U7","7","Exponents and Scientific Notation","AMP-M8-U7-I07","7","Lesson","Negative and Zero Exponents","1"
"M8-P2","Even","108","2027-03-10","132","Short Day","AMP-M8-U7","7","Exponents and Scientific Notation","AMP-M8-U7-I08","8","Lesson","Write a Rule","1"
"M8-P2","Even","109","2027-03-11","133","Full Day","AMP-M8-U7","7","Exponents and Scientific Notation","AMP-M8-U7-I09","9","Practice Day","8.7 Practice Day 1","1"
"M8-P2","Even","110","2027-03-16","134","Block Day - Even Periods","AMP-M8-U7","7","Exponents and Scientific Notation","AMP-M8-U7-I10","10","Sub-Unit Quiz","8.7 Sub-Unit Quiz","1"
"M8-P2","Even","111","2027-03-17","135","Short Day","AMP-M8-U7","7","Exponents and Scientific Notation","AMP-M8-U7-I11","11","Lesson","Scales and Weights, Part 1","1"
"M8-P2","Even","112","2027-03-18","136","Full Day","AMP-M8-U7","7","Exponents and Scientific Notation","AMP-M8-U7-I12","12","Lesson","Scales and Weights, Part 2","1"
"M8-P2","Even","113","2027-03-19","137","Full Day","AMP-M8-U7","7","Exponents and Scientific Notation","AMP-M8-U7-I13","13","Lesson","Specific and Scientific","1"
"M8-P2","Even","114","2027-03-23","139","Block Day - Even Periods","AMP-M8-U7","7","Exponents and Scientific Notation","AMP-M8-U7-I14","14","Lesson","Multiplying and Dividing","1"
"M8-P2","Even","115","2027-03-24","140","Short Day","AMP-M8-U7","7","Exponents and Scientific Notation","AMP-M8-U7-I15","15","Lesson","Balance the Scale","1"
"M8-P2","Even","116","2027-03-25","141","Full Day","AMP-M8-U7","7","Exponents and Scientific Notation","AMP-M8-U7-I17","17","Lesson","City Lights","1"
"M8-P2","Even","117","2027-03-26","142","Full Day","AMP-M8-U7","7","Exponents and Scientific Notation","AMP-M8-U7-I18","18","Lesson","Star Power","1"
"M8-P2","Even","118","2027-03-30","144","Block Day - Even Periods","AMP-M8-U7","7","Exponents and Scientific Notation","AMP-M8-U7-I19","19","Practice Day","8.7 Practice Day 2","1"
"M8-P2","Even","119","2027-03-31","145","Short Day","AMP-M8-U7","7","Exponents and Scientific Notation","AMP-M8-U7-I20","20","Performance Task","8.7 Performance Task","1"
"M8-P2","Even","120","2027-04-01","146","Full Day","AMP-M8-U7","7","Exponents and Scientific Notation","AMP-M8-U7-I21","21","Unit Synthesis and Reflection","Unit Synthesis and Reflection","1"
"M8-P2","Even","121","2027-04-02","147","Full Day","AMP-M8-U8","8","The Pythagorean Theorem and Irrational Numbers","AMP-M8-U8-I03","3","Lesson","Tilted Squares","1"
"M8-P2","Even","122","2027-04-13","148","Block Day - Even Periods","AMP-M8-U8","8","The Pythagorean Theorem and Irrational Numbers","AMP-M8-U8-I04","4","Lesson","From Squares to Roots","1"
"M8-P2","Even","123","2027-04-14","149","Short Day","AMP-M8-U8","8","The Pythagorean Theorem and Irrational Numbers","AMP-M8-U8-I05","5","Lesson","Between Squares","1"
"M8-P2","Even","124","2027-04-15","150","Full Day","AMP-M8-U8","8","The Pythagorean Theorem and Irrational Numbers","AMP-M8-U8-I06","6","Lesson","Root Down","1"
"M8-P2","Even","125","2027-04-16","151","Full Day","AMP-M8-U8","8","The Pythagorean Theorem and Irrational Numbers","AMP-M8-U8-I07","7","Lesson","Filling Cubes","1"
"M8-P2","Even","126","2027-04-20","153","Block Day - Even Periods","AMP-M8-U8","8","The Pythagorean Theorem and Irrational Numbers","AMP-M8-U8-I08","8","Practice Day","8.8 Practice Day 1","1"
"M8-P2","Even","127","2027-04-21","154","Short Day","AMP-M8-U8","8","The Pythagorean Theorem and Irrational Numbers","AMP-M8-U8-I09","9","Sub-Unit Quiz","8.8 Sub-Unit Quiz","1"
"M8-P2","Even","128","2027-04-22","155","Full Day","AMP-M8-U8","8","The Pythagorean Theorem and Irrational Numbers","AMP-M8-U8-I10","10","Lesson","The Pythagorean Theorem","1"
"M8-P2","Even","129","2027-04-23","156","Full Day","AMP-M8-U8","8","The Pythagorean Theorem and Irrational Numbers","AMP-M8-U8-I11","11","Lesson","Pictures to Prove It","1"
"M8-P2","Even","130","2027-04-27","158","Block Day - Even Periods","AMP-M8-U8","8","The Pythagorean Theorem and Irrational Numbers","AMP-M8-U8-I12","12","Lesson","Triangle-Tracing Turtle","1"
"M8-P2","Even","131","2027-04-28","159","Short Day","AMP-M8-U8","8","The Pythagorean Theorem and Irrational Numbers","AMP-M8-U8-I13","13","Lesson","Make It Right","1"
"M8-P2","Even","132","2027-04-29","160","Full Day","AMP-M8-U8","8","The Pythagorean Theorem and Irrational Numbers","AMP-M8-U8-I14","14","Lesson","Taco Truck","1"
"M8-P2","Even","133","2027-04-30","161","Full Day","AMP-M8-U8","8","The Pythagorean Theorem and Irrational Numbers","AMP-M8-U8-I15","15","Lesson","Pond Hopper","1"
"M8-P2","Even","134","2027-05-04","163","Block Day - Even Periods","AMP-M8-U8","8","The Pythagorean Theorem and Irrational Numbers","AMP-M8-U8-I16","16","Lesson","Fractions to Decimals","1"
"M8-P2","Even","135","2027-05-05","164","Short Day","AMP-M8-U8","8","The Pythagorean Theorem and Irrational Numbers","AMP-M8-U8-I17","17","Lesson","Decimals to Fractions","1"
"M8-P2","Even","136","2027-05-06","165","Full Day","AMP-M8-U8","8","The Pythagorean Theorem and Irrational Numbers","AMP-M8-U8-I18","18","Lesson","Hit the Target","1"
"M8-P2","Even","137","2027-05-07","166","Full Day","AMP-M8-U8","8","The Pythagorean Theorem and Irrational Numbers","AMP-M8-U8-I19","19","Practice Day","8.8 Practice Day 2","1"
"M8-P2","Even","138","2027-05-11","168","Block Day - Even Periods","AMP-M8-U8","8","The Pythagorean Theorem and Irrational Numbers","AMP-M8-U8-I20","20","Performance Task","8.8 Performance Task","1"
"M8-P2","Even","139","2027-05-12","169","Short Day","AMP-M8-U8","8","The Pythagorean Theorem and Irrational Numbers","AMP-M8-U8-I21","21","Unit Synthesis and Reflection","Unit Synthesis and Reflection","1"
"M8-P3","Odd","1","2026-08-06","1","Full Day","AMP-M8-U1","1","Rigid Transformations and Congruence","AMP-M8-U1-I05","5","Lesson","Spinning, Flipping, Sliding","1"
"M8-P3","Odd","2","2026-08-07","2","Full Day","AMP-M8-U1","1","Rigid Transformations and Congruence","AMP-M8-U1-I06","6","Lesson","Transformation Targets","1"
"M8-P3","Odd","3","2026-08-10","3","Block Day - Odd Periods","AMP-M8-U1","1","Rigid Transformations and Congruence","AMP-M8-U1-I07","7","Lesson","Moving Day","1"
"M8-P3","Odd","4","2026-08-12","5","Short Day","AMP-M8-U1","1","Rigid Transformations and Congruence","AMP-M8-U1-I08","8","Lesson","Getting Coordinated, Part 1","1"
"M8-P3","Odd","5","2026-08-13","6","Full Day","AMP-M8-U1","1","Rigid Transformations and Congruence","AMP-M8-U1-I09","9","Lesson","Getting Coordinated, Part 2","1"
"M8-P3","Odd","6","2026-08-14","7","Full Day","AMP-M8-U1","1","Rigid Transformations and Congruence","AMP-M8-U1-I10","10","Practice Day","8.1 Practice Day 1","1"
"M8-P3","Odd","7","2026-08-17","8","Block Day - Odd Periods","AMP-M8-U1","1","Rigid Transformations and Congruence","AMP-M8-U1-I11","11","Sub-Unit Quiz","8.1 Sub-Unit Quiz","1"
"M8-P3","Odd","8","2026-08-19","10","Short Day","AMP-M8-U1","1","Rigid Transformations and Congruence","AMP-M8-U1-I12","12","Lesson","No Bending, No Stretching","1"
"M8-P3","Odd","9","2026-08-20","11","Full Day","AMP-M8-U1","1","Rigid Transformations and Congruence","AMP-M8-U1-I13","13","Lesson","Are They the Same?","1"
"M8-P3","Odd","10","2026-08-21","12","Full Day","AMP-M8-U1","1","Rigid Transformations and Congruence","AMP-M8-U1-I14","14","Lesson","Are They Congruent?","1"
"M8-P3","Odd","11","2026-08-24","13","Block Day - Odd Periods","AMP-M8-U1","1","Rigid Transformations and Congruence","AMP-M8-U1-I15","15","Lesson","Transforming Angles","1"
"M8-P3","Odd","12","2026-08-26","15","Short Day","AMP-M8-U1","1","Rigid Transformations and Congruence","AMP-M8-U1-I16","16","Lesson","Tearing It Up","1"
"M8-P3","Odd","13","2026-08-27","16","Full Day","AMP-M8-U1","1","Rigid Transformations and Congruence","AMP-M8-U1-I17","17","Lesson","Puzzling It Out","1"
"M8-P3","Odd","14","2026-08-28","17","Full Day","AMP-M8-U1","1","Rigid Transformations and Congruence","AMP-M8-U1-I18","18","Lesson","Tessellate","1"
"M8-P3","Odd","15","2026-08-31","18","Block Day - Odd Periods","AMP-M8-U1","1","Rigid Transformations and Congruence","AMP-M8-U1-I19","19","Practice Day","8.1 Practice Day 2","1"
"M8-P3","Odd","16","2026-09-02","20","Short Day","AMP-M8-U1","1","Rigid Transformations and Congruence","AMP-M8-U1-I20","20","Performance Task","8.1 Performance Task","1"
"M8-P3","Odd","17","2026-09-03","21","Full Day","AMP-M8-U1","1","Rigid Transformations and Congruence","AMP-M8-U1-I21","21","Unit Synthesis and Reflection","Unit Synthesis and Reflection","1"
"M8-P3","Odd","18","2026-09-04","22","Full Day","AMP-M8-U2","2","Dilations, Similarity, and Slope","AMP-M8-U2-I03","3","Lesson","Sketchy Dilations","1"
"M8-P3","Odd","19","2026-09-09","24","Short Day","AMP-M8-U2","2","Dilations, Similarity, and Slope","AMP-M8-U2-I04","4","Lesson","Dilation Mini Golf","1"
"M8-P3","Odd","20","2026-09-10","25","Full Day","AMP-M8-U2","2","Dilations, Similarity, and Slope","AMP-M8-U2-I05","5","Lesson","Transformation Targets With Dilations","1"
"M8-P3","Odd","21","2026-09-11","26","Full Day","AMP-M8-U2","2","Dilations, Similarity, and Slope","AMP-M8-U2-I06","6","Lesson","Match My Dilation","1"
"M8-P3","Odd","22","2026-09-14","27","Block Day - Odd Periods","AMP-M8-U2","2","Dilations, Similarity, and Slope","AMP-M8-U2-I07","7","Lesson","Dilations on a Plane","1"
"M8-P3","Odd","23","2026-09-16","29","Short Day","AMP-M8-U2","2","Dilations, Similarity, and Slope","AMP-M8-U2-I08","8","Practice Day","8.2 Practice Day 1","1"
"M8-P3","Odd","24","2026-09-17","30","Full Day","AMP-M8-U2","2","Dilations, Similarity, and Slope","AMP-M8-U2-I09","9","Sub-Unit Quiz","8.2 Sub-Unit Quiz","1"
"M8-P3","Odd","25","2026-09-18","31","Full Day","AMP-M8-U2","2","Dilations, Similarity, and Slope","AMP-M8-U2-I10","10","Lesson","Social Scavenger Hunt","1"
"M8-P3","Odd","26","2026-09-21","32","Block Day - Odd Periods","AMP-M8-U2","2","Dilations, Similarity, and Slope","AMP-M8-U2-I11","11","Lesson","Are Angles Enough?","1"
"M8-P3","Odd","27","2026-09-23","34","Short Day","AMP-M8-U2","2","Dilations, Similarity, and Slope","AMP-M8-U2-I12","12","Lesson","Shadows","1"
"M8-P3","Odd","28","2026-09-24","35","Full Day","AMP-M8-U2","2","Dilations, Similarity, and Slope","AMP-M8-U2-I13","13","Lesson","Water Slide","1"
"M8-P3","Odd","29","2026-09-25","36","Full Day","AMP-M8-U2","2","Dilations, Similarity, and Slope","AMP-M8-U2-I14","14","Lesson","Slope Challenges","1"
"M8-P3","Odd","30","2026-09-28","37","Block Day - Odd Periods","AMP-M8-U2","2","Dilations, Similarity, and Slope","AMP-M8-U2-I15","15","Practice Day","8.2 Practice Day 2","1"
"M8-P3","Odd","31","2026-09-30","39","Short Day","AMP-M8-U2","2","Dilations, Similarity, and Slope","AMP-M8-U2-I16","16","Performance Task","8.2 Performance Task","1"
"M8-P3","Odd","32","2026-10-01","40","Full Day","AMP-M8-U2","2","Dilations, Similarity, and Slope","AMP-M8-U2-I17","17","Unit Synthesis and Reflection","Unit Synthesis and Reflection","1"
"M8-P3","Odd","33","2026-10-02","41","Full Day","AMP-M8-U3","3","Proportional and Linear Relationships","AMP-M8-U3-I03","3","Lesson","Turtle Time Trials","1"
"M8-P3","Odd","34","2026-10-05","42","Block Day - Odd Periods","AMP-M8-U3","3","Proportional and Linear Relationships","AMP-M8-U3-I04","4","Lesson","Water Tank","1"
"M8-P3","Odd","35","2026-10-07","44","Short Day","AMP-M8-U3","3","Proportional and Linear Relationships","AMP-M8-U3-I05","5","Lesson","Proportional Posters","1"
"M8-P3","Odd","36","2026-10-08","45","Full Day","AMP-M8-U3","3","Proportional and Linear Relationships","AMP-M8-U3-I06","6","Lesson","Flags","1"
"M8-P3","Odd","37","2026-10-14","47","Short Day","AMP-M8-U3","3","Proportional and Linear Relationships","AMP-M8-U3-I07","7","Lesson","Water Cooler","1"
"M8-P3","Odd","38","2026-10-15","48","Full Day","AMP-M8-U3","3","Proportional and Linear Relationships","AMP-M8-U3-I08","8","Lesson","Ups and Downs","1"
"M8-P3","Odd","39","2026-10-16","49","Full Day","AMP-M8-U3","3","Proportional and Linear Relationships","AMP-M8-U3-I10","10","Lesson","Translations","1"
"M8-P3","Odd","40","2026-10-19","50","Block Day - Odd Periods","AMP-M8-U3","3","Proportional and Linear Relationships","AMP-M8-U3-I11","11","Practice Day","8.3 Practice Day 1","1"
"M8-P3","Odd","41","2026-10-21","52","Short Day","AMP-M8-U3","3","Proportional and Linear Relationships","AMP-M8-U3-I12","12","Sub-Unit Quiz","8.3 Sub-Unit Quiz","1"
"M8-P3","Odd","42","2026-10-22","53","Full Day","AMP-M8-U3","3","Proportional and Linear Relationships","AMP-M8-U3-I13","13","Lesson","Landing Planes","1"
"M8-P3","Odd","43","2026-10-23","54","Full Day","AMP-M8-U3","3","Proportional and Linear Relationships","AMP-M8-U3-I14","14","Lesson","Coin Capture","1"
"M8-P3","Odd","44","2026-10-26","55","Block Day - Odd Periods","AMP-M8-U3","3","Proportional and Linear Relationships","AMP-M8-U3-I15","15","Lesson","Why Intercepts?","1"
"M8-P3","Odd","45","2026-10-28","57","Short Day","AMP-M8-U3","3","Proportional and Linear Relationships","AMP-M8-U3-I16","16","Lesson","Solutions","1"
"M8-P3","Odd","46","2026-10-29","58","Full Day","AMP-M8-U3","3","Proportional and Linear Relationships","AMP-M8-U3-I17","17","Lesson","Pennies and Quarters","1"
"M8-P3","Odd","47","2026-10-30","59","Full Day","AMP-M8-U3","3","Proportional and Linear Relationships","AMP-M8-U3-I18","18","Practice Day","8.3 Practice Day 2","1"
"M8-P3","Odd","48","2026-11-02","60","Block Day - Odd Periods","AMP-M8-U3","3","Proportional and Linear Relationships","AMP-M8-U3-I19","19","Performance Task","8.3 Performance Task","1"
"M8-P3","Odd","49","2026-11-04","62","Short Day","AMP-M8-U3","3","Proportional and Linear Relationships","AMP-M8-U3-I20","20","Unit Synthesis and Reflection","Unit Synthesis and Reflection","1"
"M8-P3","Odd","50","2026-11-05","63","Full Day","AMP-M8-U4","4","Linear Equations and Linear Systems","AMP-M8-U4-I04","4","Lesson","Keep It Balanced","1"
"M8-P3","Odd","51","2026-11-06","64","Full Day","AMP-M8-U4","4","Linear Equations and Linear Systems","AMP-M8-U4-I05","5","Lesson","Balanced Moves","1"
"M8-P3","Odd","52","2026-11-09","65","Block Day - Odd Periods","AMP-M8-U4","4","Linear Equations and Linear Systems","AMP-M8-U4-I06","6","Lesson","More Balanced Moves","1"
"M8-P3","Odd","53","2026-11-12","67","Full Day","AMP-M8-U4","4","Linear Equations and Linear Systems","AMP-M8-U4-I07","7","Lesson","Equation Roundtable","1"
"M8-P3","Odd","54","2026-11-13","68","Full Day","AMP-M8-U4","4","Linear Equations and Linear Systems","AMP-M8-U4-I08","8","Lesson","All, Some, or None? Part 1","1"
"M8-P3","Odd","55","2026-11-16","69","Block Day - Odd Periods","AMP-M8-U4","4","Linear Equations and Linear Systems","AMP-M8-U4-I09","9","Lesson","Strategic Solving, Part 1","1"
"M8-P3","Odd","56","2026-11-18","71","Short Day","AMP-M8-U4","4","Linear Equations and Linear Systems","AMP-M8-U4-I10","10","Lesson","When Will They Meet?","1"
"M8-P3","Odd","57","2026-11-19","72","Full Day","AMP-M8-U4","4","Linear Equations and Linear Systems","AMP-M8-U4-I11","11","Practice Day","8.4 Practice Day 1","1"
"M8-P3","Odd","58","2026-11-20","73","Full Day","AMP-M8-U4","4","Linear Equations and Linear Systems","AMP-M8-U4-I12","12","Sub-Unit Quiz","8.4 Sub-Unit Quiz","1"
"M8-P3","Odd","59","2026-11-30","74","Block Day - Odd Periods","AMP-M8-U4","4","Linear Equations and Linear Systems","AMP-M8-U4-I13","13","Lesson","On or Off the Line?","1"
"M8-P3","Odd","60","2026-12-02","76","Short Day","AMP-M8-U4","4","Linear Equations and Linear Systems","AMP-M8-U4-I14","14","Lesson","On Both Lines","1"
"M8-P3","Odd","61","2026-12-03","77","Full Day","AMP-M8-U4","4","Linear Equations and Linear Systems","AMP-M8-U4-I15","15","Lesson","Make Them Balance","1"
"M8-P3","Odd","62","2026-12-04","78","Full Day","AMP-M8-U4","4","Linear Equations and Linear Systems","AMP-M8-U4-I16","16","Lesson","Line Zapper","1"
"M8-P3","Odd","63","2026-12-07","79","Block Day - Odd Periods","AMP-M8-U4","4","Linear Equations and Linear Systems","AMP-M8-U4-I17","17","Lesson","All, Some, or None? Part 2","1"
"M8-P3","Odd","64","2026-12-09","81","Short Day","AMP-M8-U4","4","Linear Equations and Linear Systems","AMP-M8-U4-I18","18","Lesson","Strategic Solving, Part 2","1"
"M8-P3","Odd","65","2026-12-10","82","Full Day","AMP-M8-U4","4","Linear Equations and Linear Systems","AMP-M8-U4-I19","19","Practice Day","8.4 Practice Day 2","1"
"M8-P3","Odd","66","2026-12-11","83","Full Day","AMP-M8-U4","4","Linear Equations and Linear Systems","AMP-M8-U4-I20","20","Performance Task","8.4 Performance Task","1"
"M8-P3","Odd","67","2026-12-14","84","Block Day - Odd Periods","AMP-M8-U4","4","Linear Equations and Linear Systems","AMP-M8-U4-I21","21","Unit Synthesis and Reflection","Unit Synthesis and Reflection","1"
"M8-P3","Odd","68","2026-12-16","86","Short Day","AMP-M8-U5","5","Functions and Volume","AMP-M8-U5-I04","4","Lesson","Guess My Rule","1"
"M8-P3","Odd","69","2026-12-17","87","Full Day","AMP-M8-U5","5","Functions and Volume","AMP-M8-U5-I05","5","Lesson","Function or Not?","1"
"M8-P3","Odd","70","2026-12-18","88","Full Day","AMP-M8-U5","5","Functions and Volume","AMP-M8-U5-I06","6","Lesson","Dependence Day","1"
"M8-P3","Odd","71","2027-01-04","89","Block Day - Odd Periods","AMP-M8-U5","5","Functions and Volume","AMP-M8-U5-I07","7","Lesson","The Tortoise and the Hare","1"
"M8-P3","Odd","72","2027-01-06","91","Short Day","AMP-M8-U5","5","Functions and Volume","AMP-M8-U5-I08","8","Lesson","Graphing Stories","1"
"M8-P3","Odd","73","2027-01-07","92","Full Day","AMP-M8-U5","5","Functions and Volume","AMP-M8-U5-I09","9","Lesson","Comparing Linear Functions","1"
"M8-P3","Odd","74","2027-01-08","93","Full Day","AMP-M8-U5","5","Functions and Volume","AMP-M8-U5-I10","10","Lesson","Charge!","1"
"M8-P3","Odd","75","2027-01-11","94","Block Day - Odd Periods","AMP-M8-U5","5","Functions and Volume","AMP-M8-U5-I12","12","Practice Day","8.5 Practice Day 1","1"
"M8-P3","Odd","76","2027-01-13","96","Short Day","AMP-M8-U5","5","Functions and Volume","AMP-M8-U5-I13","13","Sub-Unit Quiz","8.5 Sub-Unit Quiz","1"
"M8-P3","Odd","77","2027-01-14","97","Full Day","AMP-M8-U5","5","Functions and Volume","AMP-M8-U5-I14","14","Lesson","Volume Lab","1"
"M8-P3","Odd","78","2027-01-20","99","Short Day","AMP-M8-U5","5","Functions and Volume","AMP-M8-U5-I15","15","Lesson","Cylinders","1"
"M8-P3","Odd","79","2027-01-21","100","Full Day","AMP-M8-U5","5","Functions and Volume","AMP-M8-U5-I16","16","Lesson","Scaling Cylinders","1"
"M8-P3","Odd","80","2027-01-22","101","Full Day","AMP-M8-U5","5","Functions and Volume","AMP-M8-U5-I17","17","Lesson","Cones","1"
"M8-P3","Odd","81","2027-01-25","102","Block Day - Odd Periods","AMP-M8-U5","5","Functions and Volume","AMP-M8-U5-I18","18","Lesson","Unknown Dimensions","1"
"M8-P3","Odd","82","2027-01-27","104","Short Day","AMP-M8-U5","5","Functions and Volume","AMP-M8-U5-I19","19","Lesson","Spheres","1"
"M8-P3","Odd","83","2027-01-28","105","Full Day","AMP-M8-U5","5","Functions and Volume","AMP-M8-U5-I20","20","Practice Day","8.5 Practice Day 2","1"
"M8-P3","Odd","84","2027-01-29","106","Full Day","AMP-M8-U5","5","Functions and Volume","AMP-M8-U5-I21","21","Performance Task","8.5 Performance Task","1"
"M8-P3","Odd","85","2027-02-01","107","Block Day - Odd Periods","AMP-M8-U5","5","Functions and Volume","AMP-M8-U5-I22","22","Unit Synthesis and Reflection","Unit Synthesis and Reflection","1"
"M8-P3","Odd","86","2027-02-03","109","Short Day","AMP-M8-U6","6","Associations in Data","AMP-M8-U6-I02","2","Explore","Changes in the Ozone Layer","1"
"M8-P3","Odd","87","2027-02-04","110","Full Day","AMP-M8-U6","6","Associations in Data","AMP-M8-U6-I03","3","Lesson","Click Battle","1"
"M8-P3","Odd","88","2027-02-05","111","Full Day","AMP-M8-U6","6","Associations in Data","AMP-M8-U6-I04","4","Lesson","Wingspan","1"
"M8-P3","Odd","89","2027-02-08","112","Block Day - Odd Periods","AMP-M8-U6","6","Associations in Data","AMP-M8-U6-I05","5","Lesson","Robots","1"
"M8-P3","Odd","90","2027-02-10","114","Short Day","AMP-M8-U6","6","Associations in Data","AMP-M8-U6-I06","6","Lesson","Dapper Cats","1"
"M8-P3","Odd","91","2027-02-11","115","Full Day","AMP-M8-U6","6","Associations in Data","AMP-M8-U6-I07","7","Lesson","Interpreting Scatter Plots","1"
"M8-P3","Odd","92","2027-02-17","117","Short Day","AMP-M8-U6","6","Associations in Data","AMP-M8-U6-I08","8","Lesson","Find the Fit","1"
"M8-P3","Odd","93","2027-02-18","118","Full Day","AMP-M8-U6","6","Associations in Data","AMP-M8-U6-I09","9","Lesson","Interpreting Slopes","1"
"M8-P3","Odd","94","2027-02-19","119","Full Day","AMP-M8-U6","6","Associations in Data","AMP-M8-U6-I10","10","Lesson","Scatter Plot City","1"
"M8-P3","Odd","95","2027-02-22","120","Block Day - Odd Periods","AMP-M8-U6","6","Associations in Data","AMP-M8-U6-I11","11","Lesson","Animal Brains","1"
"M8-P3","Odd","96","2027-02-24","122","Short Day","AMP-M8-U6","6","Associations in Data","AMP-M8-U6-I12","12","Practice Day","8.6 Practice Day 1","1"
"M8-P3","Odd","97","2027-02-25","123","Full Day","AMP-M8-U6","6","Associations in Data","AMP-M8-U6-I13","13","Sub-Unit Quiz","8.6 Sub-Unit Quiz","1"
"M8-P3","Odd","98","2027-02-26","124","Full Day","AMP-M8-U6","6","Associations in Data","AMP-M8-U6-I14","14","Lesson","Tasty Fruit","1"
"M8-P3","Odd","99","2027-03-01","125","Block Day - Odd Periods","AMP-M8-U6","6","Associations in Data","AMP-M8-U6-I15","15","Lesson","Finding Associations","1"
"M8-P3","Odd","100","2027-03-03","127","Short Day","AMP-M8-U6","6","Associations in Data","AMP-M8-U6-I16","16","Practice Day","8.6 Practice Day 2","1"
"M8-P3","Odd","101","2027-03-04","128","Full Day","AMP-M8-U6","6","Associations in Data","AMP-M8-U6-I17","17","Performance Task","8.6 Performance Task","1"
"M8-P3","Odd","102","2027-03-05","129","Full Day","AMP-M8-U6","6","Associations in Data","AMP-M8-U6-I18","18","Unit Synthesis and Reflection","Unit Synthesis and Reflection","1"
"M8-P3","Odd","103","2027-03-08","130","Block Day - Odd Periods","AMP-M8-U7","7","Exponents and Scientific Notation","AMP-M8-U7-I03","3","Lesson","Circles","1"
"M8-P3","Odd","104","2027-03-10","132","Short Day","AMP-M8-U7","7","Exponents and Scientific Notation","AMP-M8-U7-I04","4","Lesson","Combining Exponents","1"
"M8-P3","Odd","105","2027-03-11","133","Full Day","AMP-M8-U7","7","Exponents and Scientific Notation","AMP-M8-U7-I05","5","Lesson","Power Pairs","1"
"M8-P3","Odd","106","2027-03-17","135","Short Day","AMP-M8-U7","7","Exponents and Scientific Notation","AMP-M8-U7-I06","6","Lesson","Rewriting Powers","1"
"M8-P3","Odd","107","2027-03-18","136","Full Day","AMP-M8-U7","7","Exponents and Scientific Notation","AMP-M8-U7-I07","7","Lesson","Negative and Zero Exponents","1"
"M8-P3","Odd","108","2027-03-19","137","Full Day","AMP-M8-U7","7","Exponents and Scientific Notation","AMP-M8-U7-I08","8","Lesson","Write a Rule","1"
"M8-P3","Odd","109","2027-03-22","138","Block Day - Odd Periods","AMP-M8-U7","7","Exponents and Scientific Notation","AMP-M8-U7-I09","9","Practice Day","8.7 Practice Day 1","1"
"M8-P3","Odd","110","2027-03-24","140","Short Day","AMP-M8-U7","7","Exponents and Scientific Notation","AMP-M8-U7-I10","10","Sub-Unit Quiz","8.7 Sub-Unit Quiz","1"
"M8-P3","Odd","111","2027-03-25","141","Full Day","AMP-M8-U7","7","Exponents and Scientific Notation","AMP-M8-U7-I11","11","Lesson","Scales and Weights, Part 1","1"
"M8-P3","Odd","112","2027-03-26","142","Full Day","AMP-M8-U7","7","Exponents and Scientific Notation","AMP-M8-U7-I12","12","Lesson","Scales and Weights, Part 2","1"
"M8-P3","Odd","113","2027-03-29","143","Block Day - Odd Periods","AMP-M8-U7","7","Exponents and Scientific Notation","AMP-M8-U7-I13","13","Lesson","Specific and Scientific","1"
"M8-P3","Odd","114","2027-03-31","145","Short Day","AMP-M8-U7","7","Exponents and Scientific Notation","AMP-M8-U7-I14","14","Lesson","Multiplying and Dividing","1"
"M8-P3","Odd","115","2027-04-01","146","Full Day","AMP-M8-U7","7","Exponents and Scientific Notation","AMP-M8-U7-I15","15","Lesson","Balance the Scale","1"
"M8-P3","Odd","116","2027-04-02","147","Full Day","AMP-M8-U7","7","Exponents and Scientific Notation","AMP-M8-U7-I17","17","Lesson","City Lights","1"
"M8-P3","Odd","117","2027-04-14","149","Short Day","AMP-M8-U7","7","Exponents and Scientific Notation","AMP-M8-U7-I18","18","Lesson","Star Power","1"
"M8-P3","Odd","118","2027-04-15","150","Full Day","AMP-M8-U7","7","Exponents and Scientific Notation","AMP-M8-U7-I19","19","Practice Day","8.7 Practice Day 2","1"
"M8-P3","Odd","119","2027-04-16","151","Full Day","AMP-M8-U7","7","Exponents and Scientific Notation","AMP-M8-U7-I20","20","Performance Task","8.7 Performance Task","1"
"M8-P3","Odd","120","2027-04-19","152","Block Day - Odd Periods","AMP-M8-U7","7","Exponents and Scientific Notation","AMP-M8-U7-I21","21","Unit Synthesis and Reflection","Unit Synthesis and Reflection","1"
"M8-P3","Odd","121","2027-04-21","154","Short Day","AMP-M8-U8","8","The Pythagorean Theorem and Irrational Numbers","AMP-M8-U8-I03","3","Lesson","Tilted Squares","1"
"M8-P3","Odd","122","2027-04-22","155","Full Day","AMP-M8-U8","8","The Pythagorean Theorem and Irrational Numbers","AMP-M8-U8-I04","4","Lesson","From Squares to Roots","1"
"M8-P3","Odd","123","2027-04-23","156","Full Day","AMP-M8-U8","8","The Pythagorean Theorem and Irrational Numbers","AMP-M8-U8-I05","5","Lesson","Between Squares","1"
"M8-P3","Odd","124","2027-04-26","157","Block Day - Odd Periods","AMP-M8-U8","8","The Pythagorean Theorem and Irrational Numbers","AMP-M8-U8-I06","6","Lesson","Root Down","1"
"M8-P3","Odd","125","2027-04-28","159","Short Day","AMP-M8-U8","8","The Pythagorean Theorem and Irrational Numbers","AMP-M8-U8-I07","7","Lesson","Filling Cubes","1"
"M8-P3","Odd","126","2027-04-29","160","Full Day","AMP-M8-U8","8","The Pythagorean Theorem and Irrational Numbers","AMP-M8-U8-I08","8","Practice Day","8.8 Practice Day 1","1"
"M8-P3","Odd","127","2027-04-30","161","Full Day","AMP-M8-U8","8","The Pythagorean Theorem and Irrational Numbers","AMP-M8-U8-I09","9","Sub-Unit Quiz","8.8 Sub-Unit Quiz","1"
"M8-P3","Odd","128","2027-05-03","162","Block Day - Odd Periods","AMP-M8-U8","8","The Pythagorean Theorem and Irrational Numbers","AMP-M8-U8-I10","10","Lesson","The Pythagorean Theorem","1"
"M8-P3","Odd","129","2027-05-05","164","Short Day","AMP-M8-U8","8","The Pythagorean Theorem and Irrational Numbers","AMP-M8-U8-I11","11","Lesson","Pictures to Prove It","1"
"M8-P3","Odd","130","2027-05-06","165","Full Day","AMP-M8-U8","8","The Pythagorean Theorem and Irrational Numbers","AMP-M8-U8-I12","12","Lesson","Triangle-Tracing Turtle","1"
"M8-P3","Odd","131","2027-05-07","166","Full Day","AMP-M8-U8","8","The Pythagorean Theorem and Irrational Numbers","AMP-M8-U8-I13","13","Lesson","Make It Right","1"
"M8-P3","Odd","132","2027-05-10","167","Block Day - Odd Periods","AMP-M8-U8","8","The Pythagorean Theorem and Irrational Numbers","AMP-M8-U8-I14","14","Lesson","Taco Truck","1"
"M8-P3","Odd","133","2027-05-12","169","Short Day","AMP-M8-U8","8","The Pythagorean Theorem and Irrational Numbers","AMP-M8-U8-I15","15","Lesson","Pond Hopper","1"
"M8-P3","Odd","134","2027-05-13","170","Full Day","AMP-M8-U8","8","The Pythagorean Theorem and Irrational Numbers","AMP-M8-U8-I16","16","Lesson","Fractions to Decimals","1"
"M8-P3","Odd","135","2027-05-14","171","Full Day","AMP-M8-U8","8","The Pythagorean Theorem and Irrational Numbers","AMP-M8-U8-I17","17","Lesson","Decimals to Fractions","1"
"M8-P3","Odd","136","2027-05-17","172","Block Day - Odd Periods","AMP-M8-U8","8","The Pythagorean Theorem and Irrational Numbers","AMP-M8-U8-I18","18","Lesson","Hit the Target","1"
"M8-P3","Odd","137","2027-05-19","174","Short Day","AMP-M8-U8","8","The Pythagorean Theorem and Irrational Numbers","AMP-M8-U8-I19","19","Practice Day","8.8 Practice Day 2","1"
"M8-P3","Odd","138","2027-05-20","175","Full Day","AMP-M8-U8","8","The Pythagorean Theorem and Irrational Numbers","AMP-M8-U8-I20","20","Performance Task","8.8 Performance Task","1"
"M8-P3","Odd","139","2027-05-21","176","Full Day","AMP-M8-U8","8","The Pythagorean Theorem and Irrational Numbers","AMP-M8-U8-I21","21","Unit Synthesis and Reflection","Unit Synthesis and Reflection","1"
